input, output
ë„ë„› ë¨¹ëŠ”ì¤‘, Munchin' on lit donuts fam
ë°°ê³ í”„ë‹¤, Starvin' vibes fam
ì§€ê¸ˆ ë­í•´?, What's the vibe rn?
ì´ê±° ì§„ì§œ ë©‹ì ¸, This is straight fire no cap
í”¼ê³¤í•´, Feelin' hella drained fam
ì¹œêµ¬ ë§Œë‚¬ì–´, Linkin' with the squad bet
ê³µê¸°ë†€ì´í•´, Vibin' with some chill games yo
ìˆ™ì œí•´ì•¼ ë¼, Gotta grind that homework ugh
ê¸°ë¶„ ì¢‹ì•„, Feelin' high-key lit fam
ë¹„ ì™€, Rainâ€™s pourinâ€™ low-key sus
ë†€ê³  ì‹¶ì–´, Wanna dip and chill fr
ì¡¸ë ¤, Knockin' out soon low-key
ë­ ë¨¹ì„ê¹Œ?, What we munchin' on tho?
ì‹¬ì‹¬í•´, Bored outta my mind no lie
í•™êµ ê°€ê¸° ì‹«ì–´, Donâ€™t wanna hit school today bruh
ì§€ê°í–ˆì–´, Pulled up mad late oof
ì—„ë§ˆí•œí…Œ í˜¼ë‚¬ì–´, Got roasted by moms rip
ì˜¤ëŠ˜ ë‚ ì”¨ ì¢‹ì•„, Sky's flexinâ€™ hard today
ìš´ë™í–ˆì–´, Just hit that gym grind ayy
ê²Œì„ í•˜ê³  ìˆì–´, On that gaming grind rn
ë…¸ë˜ ë“£ëŠ” ì¤‘ì´ì•¼, Vibinâ€™ to some fire tracks
ì¹œêµ¬ë‘ ì „í™” ì¤‘ì´ì•¼, Choppin' it up with the homie
ì¹´í˜ ì™”ì–´, Sippinâ€™ vibes at the cafÃ©
ì‹œí—˜ ë§í–ˆì–´, That test did me dirty bruh
ì§€ê°‘ ìƒì–´ë²„ë ¸ì–´, Lost my wallet send prayers
ë°° ì•„íŒŒ, Stomach's wildinâ€™ not it
ì§‘ì— ê°€ê³  ì‹¶ì–´, Just wanna bounce home asap
ì•Œë°” ê°€ì•¼ ë¼, Gotta clock in for that side hustle ugh
ì§€ê¸ˆ ê°€ëŠ” ì¤‘ì´ì•¼, On the move rn no cap
í•  ë§ ê¹Œë¨¹ì—ˆì–´, Forgot what I was gonna say lol
ë°°ë¶ˆëŸ¬, Mad full canâ€™t eat no more
í•¸ë“œí° ë°°í„°ë¦¬ ì—†ì–´, Phoneâ€™s on life support send help
ì˜¤ëŠ˜ ë„ˆë¬´ í”¼ê³¤í•´, Todayâ€™s got me dead tired frfr
ìƒˆë²½ê¹Œì§€ ê¹¨ì–´ ìˆì—ˆì–´, Pulled an all-nighter big yikes
ëŠ¦ì  ì¤ì–´, Slept through like a whole movie fam
í•  ê²Œ ë„ˆë¬´ ë§ì•„, Got a whole mission list bruh
ì¹´í†¡ ë‹µì¥ ì•ˆ ì˜´, Left on read pain ğŸ˜©
ìƒˆ ì‹ ë°œ ìƒ€ì–´, Drippinâ€™ in fresh kicks letâ€™s gooo
ê¸°ì°¨ íƒ”ì–´, Ridinâ€™ the rails city style
ë§›ìˆëŠ” ê±° ë¨¹ê³  ì‹¶ì–´, Cravinâ€™ some bomb eats rn
ì•½ì† ì·¨ì†Œëì–´, Plans got ghosted smh
ì§€ê¸ˆ ì‰¬ëŠ” ì¤‘ì´ì•¼, Just coolinâ€™ rn no rush
ë„ˆë¬´ ì¡¸ë ¤ì„œ ëˆˆ ê°ê²¼ì–´, Eyelids doinâ€™ the shutdown dance ğŸ˜´
ì§‘ ê°€ëŠ” ê¸¸ì´ì•¼, Headinâ€™ back to the crib peace out
ë‚ ì”¨ ì§„ì§œ ë¥ë‹¤, Itâ€™s hot AF out here fr
ë¹¨ë˜ ëŒë¦¬ëŠ” ì¤‘, Spinnin' that laundry cycle adulting hard
ì§€í•˜ì²  íƒ”ì–´, Deep in the subway jungle rn
ë¹„ë°€ë²ˆí˜¸ ê¹Œë¨¹ì—ˆì–´, Forgot my code again smh
ë¨¸ë¦¬ ê°ê¸° ì‹«ì–´, Donâ€™t feel like washinâ€™ this mess rn
ì¹˜í‚¨ ë¨¹ê³  ì‹¶ì–´, Cravinâ€™ that golden crispy love ğŸ—
í˜¼ì ì˜í™” ë´¤ì–´, Solo movinâ€™ feelinâ€™ indie vibes
ëˆ„ì›Œ ìˆì–´, Just posted up like ğŸ›Œ
ì‹¬ì¥ ë‘ê·¼ê±°ë ¤, Heartâ€™s doinâ€™ parkour low-key
ì§€ê¸ˆ ê¸°ë‹¤ë¦¬ëŠ” ì¤‘, Just chillinâ€™ in the waiting zone
ì˜· ê³ ë¥´ëŠ” ì¤‘ì´ì•¼, Stylinâ€™ and wildinâ€™ in my closet rn
ë°°ë‹¬ ì™”ì–´, Foodâ€™s at the door â€” letâ€™s eattt
í• ì•„ë²„ì§€ ëŒ ê°€ëŠ” ì¤‘, Rollinâ€™ up to grandpaâ€™s crib fam love ğŸ’¯
ë²„ìŠ¤ ë†“ì³¤ì–´, Bus said bye-bye rip my timing
ì´ì–´í° ìƒì–´ë²„ë ¸ì–´, My earbuds ghosted me ğŸ˜©
í•¸ë“œí° ë–¨ì–´ëœ¨ë ¸ì–´, Phone took a dive moment of silence ğŸ“±ğŸ’€
ë¬¼ ë§ˆì‹œëŠ” ì¤‘, Hydratinâ€™ like a champ ğŸ’§
ì¡¸ì—…í–ˆì–´,Iâ€™m officially out the edu game letâ€™s gooo
ëˆˆ ì™”ì–´,Snow be fallin' winter wonderland vibes
ê¸¸ì´ ë„ˆë¬´ ë§‰í˜€,Stuck in traffic hell send snacks
ë¨¸ë¦¬ ì˜ëì–´,Got the fresh cut feelinâ€™ brand new
íœ´ëŒ€í° ì¶©ì „ ì¤‘ì´ì•¼,Juiceinâ€™ up the lifeline donâ€™t @ me
ëˆˆ ì•„íŒŒ,My eyeballs need a vacay fr
ìƒˆë²½ì— ê¹¼ì–´,Woke up at ghost hour why tho
ì•ŒëŒ ëª» ë“¤ì—ˆì–´,Alarm flopped Iâ€™m doomed ğŸ’€
ì•½ ë¨¹ëŠ” ì¤‘ì´ì•¼,Poppinâ€™ the meds healing arc unlocked
ì§€ê¸ˆ ìƒ¤ì›Œ ì¤‘ì´ì•¼,Under the rain simulator brb
ì˜¤ëŠ˜ ë„ˆë¬´ í–‰ë³µí•´,Vibes on cloud nine today no lie
ë„ˆë¬´ ìš°ìš¸í•´,Mood hit the basement send memes
ë°ì´íŠ¸ ê°”ì–´,Out here romancinâ€™ wish me luck
ì§€ê¸ˆ ë‹¬ë¦¬ëŠ” ì¤‘ì´ì•¼,Speed mode activated zoom zoom
ì§‘ì•ˆì¼ í•˜ê³  ìˆì–´,Adulting mode: scrub scrub and cry
ì˜¤ëŠ˜ ì•Œë°” ê·¸ë§Œë’€ì–´,Quit that gig feelin' free AF
ëˆ ì—†ì–´,Wallet's on vacation broke life real
ì‡¼í•‘í–ˆì–´,Retail therapy complete broke but happy
ì°¨ì˜€ì–´,Got the boot heart.exe crashed
ìˆ  ë§ˆì‹œëŠ” ì¤‘ì´ì•¼,Sippinâ€™ the juice chillinâ€™ with the feels
ì  ëª» ì¤ì–´,Sleep ghosted me insomniac vibes ğŸ˜µâ€ğŸ’«
ë°¥ ë¨¹ëŠ” ì¤‘ì´ì•¼,Chowinâ€™ down like a boss rn ğŸ±
ê°•ì˜ ë“£ëŠ” ì¤‘ì´ì•¼,Brainâ€™s in absorb mode barely
ë‚ ì”¨ ë„ˆë¬´ ì¢‹ì•„ì„œ ë‚˜ì™”ì–´,"Outside â€˜cause the sky said ""letâ€™s vibe"" ğŸŒ¤ï¸"
ë²„ìŠ¤ ê¸°ë‹¤ë¦¬ëŠ” ì¤‘,Waitinâ€™ on wheels timeâ€™s slowinâ€™
ë‹¤ì´ì–´íŠ¸ ì¤‘ì´ì•¼,Snackinâ€™ on sadness diet mode on ğŸ˜©
ì €ë… ë­ ë¨¹ì§€ ê³ ë¯¼ ì¤‘,Brain buffering on dinner decisions
ìš´ë™ ê°€ê¸° ì‹«ì–´,Donâ€™t feel like gymminâ€™ my bedâ€™s stronger
ìƒˆ í”„ë¡œì íŠ¸ ì‹œì‘í–ˆì–´,New grind unlocked letâ€™s get it
ë°° ë„ˆë¬´ ê³ íŒŒì„œ í™”ë‚¨,Hungry and angry â€” hangry beast mode
ë³´ê³ ì„œ ì¨ì•¼ ë¼,Gotta word-vomit a whole essay ugh
íšŒì˜ ì¤‘ì´ì•¼,Stuck in zoom doom rn ğŸ’»
ì§€ê¸ˆ ë²„ìŠ¤ íƒ”ì–´,Onboard the vibe bus rn
ì¹œêµ¬ë‘ ì‹¸ì› ì–´,Bestie beefinâ€™ bad vibes only
í……ì¥ ëì–´,Bank accountâ€™s on vacation again
ì¡¸ì—…ì‹ ë‹¤ë…€ì™”ì–´,Capped â€˜n clapped itâ€™s official ğŸ“
í•¸ë“œí° ë„ˆë¬´ ëŠë ¤,My phone movinâ€™ like a snail ğŸ’€
ì˜¤ëŠ˜ ì•„ë¬´ê²ƒë„ í•˜ê¸° ì‹«ì–´,Energy = 0% brain in airplane mode
ì‹œê°„ ìˆœì‚­ëì–´,Time said â€œbyeâ€ blink and itâ€™s gone
ì¹´í˜ì—ì„œ ê³µë¶€ ì¤‘,Brains + caffeine = productivity(?)
ì‹œí—˜ ëë‚¬ì–´,Test done let's hope for the best ğŸ¤
í•™êµ ê°€ëŠ” ì¤‘,On my way to the knowledge factory ğŸ«
ìƒˆë¡œìš´ ë…¸ë˜ ì°¾ì•˜ì–´,Found a new track it's a banger ğŸ¶
ì˜¤ëŠ˜ ë„ˆë¬´ ë”ì›Œ,Melting in this heat itâ€™s a sauna outside ğŸ¥µ
ì§‘ì— ê°€ëŠ” ì¤‘,Heading home to my sanctuary ğŸ¡
ì¼ì° ì¼ì–´ë‚¬ì–´,Woke up before the sun no cap ğŸŒ…
ì–´ë””ì„œ ë†€ì§€ ê³ ë¯¼ ì¤‘,Where we vibinâ€™ tonight tho? ğŸ¤”
ì¹œêµ¬ë‘ ë§Œë‚˜ì„œ ë†€ì•„ì•¼ì§€,Time to link up with the fam ğŸ‘¯â€â™‚ï¸
ë“œë¼ì´ë¸Œ ì¤‘,Just cruisinâ€™ with no destination ğŸš—
ì‚¬ëŒ ë§ì€ ê³³ ê°€ê³  ì‹¶ì–´,Wanna be surrounded by the crowd fr
ì´ìƒí•œ ê¿ˆ ê¿¨ì–´,Had a wild dream plot twist tho ğŸ‘€
ë°°ê°€ ê³ íŒŒì„œ ì§œì¦ ë‚˜,Hangry mode activated someone feed me ğŸ˜¤
ì˜¤ëŠ˜ ë„ˆë¬´ í”¼ê³¤í•´,Todayâ€™s a whole vibe killer dead tired ğŸ˜´
ê²Œì„ ë„ˆë¬´ ì¬ë°Œì–´,Leveling up in life and in games ğŸ®
ì§€ê¸ˆ ì¹œêµ¬ ì§‘ì— ê°€ê³  ìˆì–´,Headinâ€™ to the homieâ€™s crib to chill ğŸ 
ì˜¤ëŠ˜ ì•½ì† ì·¨ì†Œëì–´,Plans got canceled back to square one ğŸ§©
ì—„ë§ˆí•œí…Œ ì”ì†Œë¦¬ ë“¤ì—ˆì–´,Momâ€™s giving that life lecture again ğŸ’â€â™€ï¸
ì´ì œ ì§‘ì— ê°€,Peace out home is where the WiFi is ğŸ¡ğŸ’»
ì˜¤ëŠ˜ ë‚ ì”¨ ë§‘ì•„,Skyâ€™s flexinâ€™ today no clouds ğŸŒ
ì¹´í˜ ì™”ì–´,Just pulled up to the cafÃ© for some iced vibes â˜•
ì˜¤ëŠ˜ ê¸°ë¶„ ì¢‹ì•„,Feelin' myself today all vibes ğŸ’¯
ìƒˆ ì‹ ë°œ ìƒ€ì–´,Copped some fresh kicks letâ€™s gooo ğŸ‘Ÿ
ì˜¤ëŠ˜ì€ ì¢€ í”¼ê³¤í•´,Low-key drained today need a nap ğŸ’¤
ê²Œì„ì—ì„œ ì´ê²¼ì–´,Got that dub I'm unstoppable ğŸ†
ì˜¤ëŠ˜ ë­”ê°€ ì˜ ë  ê²ƒ ê°™ì•„,Everything's aligned today fr âœ¨
ì»¤í”¼ ë§ˆì‹œê³  ìˆì–´,Sippinâ€™ on some caffeine to power through â˜•
ì¹œêµ¬í•œí…Œ ì „í™”í–ˆì–´,Chopped it up with the homie for hours ğŸ“
ê¸°ì°¨ íƒ”ì–´,Just hopped on the train city vibes ğŸš‰
ì˜¤ëŠ˜ì€ ë°”ì˜ë‹¤,Full day ahead no time to chill ğŸ•”
ë‹¤ì´ì–´íŠ¸ ì¤‘,On that health grind no cheats ğŸ
ì—°ìŠµ ì¤‘,Hit the practice grind perfectinâ€™ my skills ğŸ”¥
ìƒˆë¡œìš´ ê²Œì„ ì‹œì‘í–ˆì–´,Just started a new game hype level 100 ğŸ®
ëª©í‘œê°€ ìˆì–´,On that mission canâ€™t stop wonâ€™t stop ğŸš€
ì¹œêµ¬ë‘ ì˜í™” ë´¤ì–´,Watched a flick with the squad real talk ğŸ¥
ê±·ê³  ìˆì–´,Just taking a walk clearing my mind ğŸš¶â€â™€ï¸
ì˜¤ëŠ˜ì€ ì§„ì§œ í˜ë“¤ì–´,Todayâ€™s a struggle but Iâ€™ll make it ğŸ’ª
ëª¨ë“  ê²Œ ì˜ ì•ˆ í’€ë ¤,Everythingâ€™s going wrong today rip ğŸ˜©
í”¼ê³¤í•´ì„œ ì¼ì° ì˜ ê±°ì•¼,Knockin' out early gotta recharge ğŸ›Œ
ì•Œë°” ëë‚¬ì–´,Clocked out from the hustle time to rest â±
ì¼ ëë‚¬ì–´,Workâ€™s done now for some me-time ğŸ§˜â€â™‚ï¸
ì˜¤ëŠ˜ í•  ì¼ì´ ë„ˆë¬´ ë§ì•„,Got a to-do list thatâ€™s off the charts ğŸ“‹
ì§‘ì— ê°€ê³  ì‹¶ì–´,Just wanna be home and relax ğŸ 
ì¹œêµ¬ë‘ ë†€ê³  ìˆì–´,Chillinâ€™ with the squad having a blast ğŸ¥³
ì§€ê¸ˆ ê²Œì„ ì¤‘,On that gaming grind no distractions ğŸ®
ê²Œì„ì—ì„œ ì¡Œì–´,Got clapped in the game sad vibes ğŸ˜¢
ì ê¹ ì‰¬ëŠ” ì¤‘,Just taking a break recharge mode ğŸŒ±
ìƒˆ ì˜· ìƒ€ì–´,Copped some new drip Iâ€™m flexinâ€™ ğŸ‘—
í•˜ë£¨ ì¢…ì¼ ë°”ë¹´ì–´,Been on the grind all day exhausted ğŸ˜©
ì¹œêµ¬ë‘ ë“œë¼ì´ë¸Œ ì¤‘,Hit the road with the crew cruising ğŸš—
ìš´ë™ ê°”ë‹¤ ì™”ì–´,Just hit that workout grind feeling strong ğŸ’ª
í”¼ê³¤í•œë° ì»¤í”¼ ë§ˆì…”,Dead tired but coffeeâ€™s saving me â˜•
ë¹„ ì˜¤ê³  ìˆì–´,Rainâ€™s coming down vibe check ğŸŒ§ï¸
ë„ˆë¬´ ë”ì›Œ,Itâ€™s burning hot outside Iâ€™m melting ğŸ”¥
ì§€ê¸ˆ ë°–ì— ìˆì–´,Out here living my best life no cap ğŸŒ
ë°ì´íŠ¸ ì¤‘,On a date feeling all the feels â¤ï¸
ì¹œêµ¬ë‘ ì™¸ì¶œ ì¤‘,Out and about with the squad letâ€™s go! ğŸ™ï¸
ì˜¤ëŠ˜ì€ ì§‘ì—ì„œ ì‰¬ë ¤ê³ ,Chillin' at home today need that peace ğŸ›‹ï¸
ì‚¬ëŒë“¤ ë§ì•„,The crowdâ€™s wild not sure about this one ğŸ¤”
í—¬ìŠ¤ì¥ ê°”ì–´,Hit the gym grind today feeling good ğŸ‹ï¸â€â™€ï¸
ì‡¼í•‘í•˜ê³  ìˆì–´,On that shopping spree buying all the things ğŸ›ï¸
ë§›ìˆëŠ” ê±° ë¨¹ì—ˆì–´,Ate some bomb food lifeâ€™s good ğŸ£
ì˜¤ëŠ˜ ì¼ì° ì¼ì–´ë‚¬ì–´,Woke up early today ready to crush it ğŸŒ
ë°°ë¶€ë¥´ë‹¤,Feelinâ€™ full canâ€™t eat no more ğŸ½ï¸
ì•„ì¹¨ì— ìš´ë™í–ˆì–´,Did that morning workout now Iâ€™m unstoppable ğŸ’¥
ì˜¤ëŠ˜ ë¬´ìŠ¨ ìš”ì¼ì´ì§€?,What day is it even? Losing track ğŸ—“ï¸
ìš´ë™ ë,Just finished that workout dead but strong ğŸ‹ï¸â€â™‚ï¸
í—¬ìŠ¤ì¥ì—ì„œ ì™”ì–´,Just got out of the gym feeling like a beast ğŸ’ª
ì˜·ì¥ ì•ì—ì„œ ê³ ë¯¼ ì¤‘,Standin' in front of the closet like... what to wear? ğŸ¤”
ìƒˆ ì¹œêµ¬ ë§Œë‚¬ì–´,Met a new friend today vibes were cool ğŸ™Œ
ì§€ê¸ˆ ê¸°ë‹¤ë¦¬ê³  ìˆì–´,Waiting for my turn just chillinâ€™ ğŸ•’
ì˜¤ëŠ˜ ë‚ ì”¨ ë„ˆë¬´ ì¢‹ë‹¤,Weatherâ€™s fire today perfect vibes ğŸŒ¤ï¸
ì§€ê¸ˆ ê¸°ë¶„ ì¢‹ì•„,Feelinâ€™ super chill all good vibes ğŸŒ¸
ì‹œí—˜ ê³µë¶€í•´ì•¼ ë¼,Got some studying to do grind time ğŸ“š
ë¹¨ë¦¬ ê°€ì•¼ ë¼,Need to bounce timeâ€™s ticking â°
ì§€í•˜ì²  íƒ€ê³  ìˆì–´,Taking the subway itâ€™s a jungle down here ğŸš‡
ìƒˆë¡œìš´ ë„ì „,Got a new challenge letâ€™s crush it ğŸ’¯
ê²Œì„ì—ì„œ ì´ê²¼ì–´,Won the game letâ€™s gooo! ğŸ†
í•˜ë£¨ ì‹œì‘,Starting my day right letâ€™s make it count ğŸŒ…
ì¹œêµ¬ë‘ ë§›ì§‘ ê°€ì,Letâ€™s hit up that food spot fam ğŸ”
ì¼ ë,Workdayâ€™s over time to relax ğŸ‰
ì—¬í–‰ ê°€ê³  ì‹¶ì–´,Need a getaway somewhere chill âœˆï¸
ìš”ë¦¬ ì¤‘,In the kitchen cookinâ€™ up some heat ğŸ³
ì§€ê¸ˆ ë³´ê³  ìˆëŠ” ì¤‘,Watching something fire rn ğŸ“º
ì¹œêµ¬ë‘ ì¹´í˜ì—ì„œ,Chillinâ€™ at the cafÃ© with the squad â˜•
ì‡¼í•‘ ê°€ê³  ì‹¶ì–´,Wanna go shopping and buy everything ğŸ›’
ì§‘ì— ê°€ê³  ìˆì–´,Headinâ€™ back home finally ğŸ 
ì˜¤ëŠ˜ ë‚ ì”¨ ìµœê³ ,Weatherâ€™s top tier today feeling great ğŸŒ
ì£¼ë§ì— ë­ í• ê¹Œ?,Whatâ€™s the plan for the weekend? ğŸ¤”
ì»¤í”¼ ë§ˆì‹œëŸ¬,On my way to grab some coffee gotta wake up â˜•
ì§€ê¸ˆ í•˜ëŠ˜ ë©‹ì ¸,Skyâ€™s lookinâ€™ beautiful today no cap ğŸŒ…
ì¹œêµ¬ë‘ ìˆ˜ë‹¤ ë–¨ê³  ìˆì–´,Just chatty with my bestie good times ğŸ—£ï¸
ì–´ë”” ê°ˆê¹Œ?,Where we going today? Letâ€™s figure it out ğŸ¤©
ì˜¤ëŠ˜ í˜ë“  í•˜ë£¨ì˜€ì–´,Todayâ€™s been a tough one need some rest ğŸ˜“
ì§€ê¸ˆ ê³ ìš”í•œ ì‹œê°„,Enjoying this peaceful moment no rush ğŸŒ™
ë…¸ë˜ ë“£ê³  ìˆì–´,Vibinâ€™ to some fire music itâ€™s a vibe ğŸ¶
ì¹œêµ¬ë‘ ì–˜ê¸° ì¤‘,Talking to my homie having a laugh ğŸ˜†
ìš´ë™ ê°€ê¸° ì „ì—,Sippinâ€™ some pre-workout letâ€™s get it ğŸ’¥
ë„ˆë¬´ ì¡¸ë ¤, Feelinâ€™ super tired eyes heavy ğŸ˜´
ì§‘ì— ë„ì°©í–ˆì–´,Made it home thank God ğŸ¡
ì ê¹ ë‚˜ê°€ì•¼ ë¼,Need to run an errand real quick ğŸƒâ€â™‚ï¸
ì˜¤ëŠ˜ í•˜ë£¨ ë³„ë¡œì˜€ì–´,Today was rough ready to sleep ğŸ›ï¸
ì •ì‹ ì—†ì—ˆì–´,Itâ€™s been hectic my mindâ€™s all over the place ğŸ¤¯
ë°°ë‹¬ ì™”ì–´,Foodâ€™s here about to eat like a king ğŸ•
ë„ˆë¬´ ê¸´ í•˜ë£¨ì˜€ì–´,Long day but I made it through ğŸ’ª
ì§€ê¸ˆ ë°”ë¹ ,Bossing it up with some tasks ğŸ’¼
ì—°ìŠµ ì¤‘,Getting my practice in no shortcuts ğŸ’ª
ì§€ê¸ˆ ë‹¬ë¦¬ê³  ìˆì–´,On the run catching the vibe ğŸƒâ€â™‚ï¸
ë°¤ ëŠ¦ê²Œê¹Œì§€ ê¹¨ì–´ ìˆì—ˆì–´,Up late grinding no rest ğŸ˜…
ì˜¤ëŠ˜ í•˜ë£¨ëŠ” ê¸¸ì—ˆì–´,Todayâ€™s felt like forever no lie â³
ì´ìƒí•œ ëŠë‚Œ,Feelinâ€™ kinda off not sure why ğŸ¤”
ì¹¨ëŒ€ì— ëˆ„ì›Œ ìˆì–´,Just posted up in bed chillinâ€™ ğŸ›Œ
ì±…ìƒì— ì•‰ì•„ ìˆì–´,Sittin' at the desk work mode on ğŸ’»
ì§€ê¸ˆ ìƒê° ì¤‘,Just deep in thought no distractions ğŸ§ 
ì†ëª© ì•„íŒŒ,My wristâ€™s been hurting need a break ğŸ’†â€â™‚ï¸
ë¯¸íŒ… ì¤‘,In a meeting letâ€™s get this bread ğŸ“Š
ì–´ë”” ê°”ì–´?,Whereâ€™d you dip to? Missinâ€™ you ğŸ˜©
ì§€ê¸ˆ ì¤€ë¹„ ì¤‘,Getting ready letâ€™s gooo ğŸ”¥
í¸ì•ˆí•œ ì‹œê°„,Feelinâ€™ so relaxed no stress ğŸ§˜â€â™‚ï¸
ìŒì•… ë“£ê³  ìˆì–´,Tuning into my jams vibinâ€™ ğŸ§
ê¸‰í•˜ê²Œ ê°€ì•¼ ë¼,Need to head out ASAP timeâ€™s tight â°
ì§€ê¸ˆ ì ê¹ ì‰¬ê³  ìˆì–´,Taking a quick break gotta reset â³
ë°°í„°ë¦¬ ë–¨ì–´ì¡Œì–´,Phoneâ€™s about to die send help ğŸ“´
ê°•ì˜ ë“£ê³  ìˆì–´,Tuning in to that lecture ğŸ“š
ì§‘ ê°€ëŠ” ì¤‘,Headinâ€™ home canâ€™t wait to crash ğŸ¡
ì˜¤ëŠ˜ ë­”ê°€ ë‹¤ë¥¸,Something feels off today idk why ğŸ˜¬
ë‹¤ì‹œ ì‹œì‘,Back at it again letâ€™s do this ğŸ”
ì˜¤ëŠ˜ì€ ì–´ë• ì–´?,Howâ€™s your day been so far? ğŸ‘€
ì¹œêµ¬ë‘ ì‹œê°„ ë³´ë‚´ê³  ìˆì–´,Chillinâ€™ with the homies best vibes ğŸ‘«
ë‹¤ ëë‚¬ì–´,Itâ€™s all wrapped up mission complete âœ…
ì§€ê¸ˆ ì§„ì§œ ë°°ê³ íŒŒ,Starvinâ€™ letâ€™s grab some eats ğŸ•
ì¹œêµ¬ë‘ ì›ƒê³  ìˆì–´,Laughing with my friends best moment ğŸ˜†
ì´ˆì½œë¦¿ ë¨¹ê³  ìˆì–´,Chillinâ€™ with some chocolate sweet life ğŸ«
í•˜ëŠ˜ì´ ë„ˆë¬´ ì˜ˆë»,The skyâ€™s too gorgeous right now ğŸŒ…
í—¤ì–´ì¡Œì–´,Had to say bye sad times ğŸ˜”
ì˜¤ëŠ˜ ì¦ê±°ì› ì–´,Today was lit canâ€™t wait for tomorrow ğŸ”¥
ë‚´ì¼ ë´,See ya tomorrow take care ğŸ‘‹
ì¹œêµ¬ë‘ ëŒ€í™” ì¤‘,Just having a convo with my bestie ğŸ’¬
ìš´ë™ ë,Workout done now itâ€™s chill time ğŸ‹ï¸â€â™‚ï¸
ì•„ë¬´ ê²ƒë„ ì•ˆ í•˜ê³  ìˆì–´,Doing absolutely nothing living the dream ğŸ›‹ï¸
ê°„ì‹ ë¨¹ê³  ìˆì–´,Eatinâ€™ a snack living my best life ğŸª
ëª¨ë‘ ë°”ë¹ ,Everyoneâ€™s on their grind busy vibes â³
ì •ë¦¬ ì¤‘,Getting everything in order organization game strong ğŸ“…
ìŒì•… ë„ê³  ìˆì–´,Turning off the tunes focus mode ğŸ¶ğŸš«
ë°”ë¡œ ê°€ê³  ìˆì–´,On my way no stopping ğŸš¶â€â™‚ï¸
ì§€ê¸ˆ ì¢€ í”¼ê³¤í•´,Feelinâ€™ a bit tired need some rest ğŸ›ï¸
ì§€ê¸ˆ ìƒˆë²½ì´ì•¼,Itâ€™s 3 AM Iâ€™m still up ğŸ•’
ì´ì œ ìì•¼ê² ë‹¤,Time to sleep goodnight ğŸ’¤
ì§€ê¸ˆ ê¸‰í•´,In a rush timeâ€™s flyinâ€™ â±ï¸
ë‹¤ í–ˆì–´,Got everything done feelin' good âœ…
ë‹¤ì‹œ ê°€ì•¼ ë¼,Back on the move no chill ğŸƒâ€â™‚ï¸
ë°© ì •ë¦¬ ì¤‘,Cleaninâ€™ up my room adult life ğŸŒªï¸
ì˜¤ëŠ˜ì€ ê¸°ë¶„ ì¢‹ì•„,Feelin' good today everything's vibinâ€™ âœ¨
ë¼ë©´ ë“ì—¬ ë¨¹ê³  ìˆì–´,Cookinâ€™ up some ramen simple life ğŸœ
ì´ìƒí•œ ê¿ˆ ê¿¨ì–´,Had a weird dream last night wtf ğŸ˜…
ì–´ë””ì„œ ì™”ì–´?,Where you at? Where you been? ğŸŒ
ì§€ê¸ˆ ìƒê° ì¤‘,Got my mind racing deep thoughts ğŸ§ 
ê¸°ë‹¤ë¦¬ê³  ìˆì–´,Just waitin' here killinâ€™ time â³
í•™êµ ê°€ëŠ” ì¤‘,On my way to school letâ€™s get it ğŸ“š
ëª¸ì´ í”¼ê³¤í•´,Bodyâ€™s tired but we pushinâ€™ ğŸ‹ï¸â€â™‚ï¸
í•˜ëŠ˜ ë„ˆë¬´ ë©‹ì ¸,The skyâ€™s lookinâ€™ fire today ğŸŒ
ì–¼êµ´ì´ ë¶€ì—ˆì–´,Faceâ€™s feelin' puffy not cute ğŸ˜¬
ëª¨ë“  ê²Œ ì˜ ë¼,Everythingâ€™s fallinâ€™ into place ğŸ”¥
ì§€ê¸ˆ ì „í™” ì¤‘,Choppin' it up on the phone ğŸ“±
ì‡¼í•‘ ì¤‘,On a shopping spree letâ€™s go ğŸ’¸
ë…¸ë˜ë°© ê°€ê³  ì‹¶ì–´,Wanna hit the karaoke bar letâ€™s sing ğŸ¤
ì‹œí—˜ ì¤€ë¹„ ì¤‘,Studying hard no distractions ğŸ“–
ë„ˆë¬´ ë”ì›Œ,Itâ€™s so hot send me a breeze ğŸŒ
TV ë³´ê³  ìˆì–´,Just watchinâ€™ some shows chillinâ€™ ğŸ“º
í”¼ê³¤í•´ì„œ ëª» ê°€ê² ì–´,Too tired to go stayinâ€™ in ğŸ›Œ
ì •ë¦¬ ë,All cleaned up now itâ€™s time to relax ğŸ§¹
ì¹œêµ¬ ì§‘ ê°€ëŠ” ì¤‘,On my way to my friendâ€™s place ğŸ¡
ë°°ê°€ ê³ íŒŒ,Starvinâ€™ for some food ğŸ”
ê²Œì„ ì˜í•˜ê³  ìˆì–´,Kicking ass in the game top score ğŸ®
ìê¸° ì „,Before I sleep just chillinâ€™ ğŸ›ï¸
ìš´ë™í•˜ëŸ¬ ê°€ì•¼ ë¼,Gotta hit the gym let's get fit ğŸ‹ï¸â€â™€ï¸
ê¸°ë¶„ ì¢‹ë‹¤,Feelinâ€™ lit today vibes are on ğŸ”¥
ì§‘ì— ë„ì°©,Just got home peace out fam ğŸ 
í•¸ë“œí° ì ê¸ˆ í•´ì œ,Unlocking my phone letâ€™s check the news ğŸ“±
ì—¬í–‰ ê°€ê³  ì‹¶ì–´,Wanna go on a trip need some adventure âœˆï¸
ì§€ê¸ˆ ì†Œë¦¬ ì§ˆëŸ¬,Shoutinâ€™ out loud feelinâ€™ the energy ğŸ—£ï¸
ì§€ê¸ˆ ì—„ì²­ ë°”ë¹ ,So busy right now no time to waste ğŸ•’
ë„ì‹œì—ì„œ ë†€ê³  ìˆì–´,Out in the city livinâ€™ the life ğŸŒ†
í”¼ê³¤í•´ì„œ ì¼ì° ìì•¼ê² ì–´,Feelin' tired bed calls me early ğŸ›ï¸
ë„ˆë¬´ ì¡¸ë ¤,Sleepy as heck ready to knock out ğŸ’¤
ê¸°ë¶„ ì „í™˜ ì¤‘,Just switchinâ€™ the vibe letâ€™s go ğŸ§
ì–´ë”” ê°ˆê¹Œ?,Where we going next? Letâ€™s roll ğŸ›¹
íœ´ì‹ ì¤‘,Chillinâ€™ for a bit recharging ğŸ›‹ï¸
ìš´ë™ ëë‚¬ì–´,Workout done Iâ€™m feeling strong ğŸ’ª
ë‚´ì¼ í•  ì¼ ë§ì•„,Got a packed schedule tomorrow ğŸ—“ï¸
ê¸¸ ë§‰í˜€,Trafficâ€™s wild right now ğŸš—
í•¸ë“œí° ì¶©ì „ ì¤‘,Charging up the phone need the juice ğŸ”‹
ì˜¤ëŠ˜ì€ í”¼ê³¤í•´,Today drained me Iâ€™m out ğŸ’¯
ë‚ ì”¨ ë„ˆë¬´ ì¢‹ë‹¤,The weather's so perfect today ğŸŒ
ì˜¤ëŠ˜ ë­ í• ì§€ ëª¨ë¥´ê² ì–´,Donâ€™t know what to do today vibes are lost ğŸ¤·â€â™‚ï¸
ë„ˆë¬´ ë§ì´ ë¨¹ì—ˆì–´, Ate way too much feelinâ€™ stuffed ğŸ˜…
ì»´í“¨í„° ê³ ì¥ë‚¬ì–´,Computer's acting up send help ğŸ–¥ï¸
ë„ˆë¬´ ë°”ë¹ ,Life's too hectic right now no chill ğŸ¤¯
ì§€ê¸ˆ ë­í•˜ê³  ìˆì–´?,Whatâ€™s everyone up to right now? ğŸ¤”
í—¬ìŠ¤ì¥ ê°”ë‹¤ ì™”ì–´,Just came from the gym feelinâ€™ swole ğŸ’ª
ì–´ë”” ê°ˆê¹Œ?,Where we headed? Need a plan ğŸ—ºï¸
ë””ì§€í„¸ ë…¸ë§ˆë“œì²˜ëŸ¼ ì‚´ê³  ìˆì–´,Living that digital nomad life laptop life ğŸ’»
ë„ˆë¬´ í”¼ê³¤í•´ì„œ ëª» ê°€ê² ì–´,Too tired to go anywhere just staying in ğŸ›Œ
ì „ê³µ ê³µë¶€ ì¤‘,Studying my major gotta stay focused ğŸ“š
ìŠ¤íƒ€ë²…ìŠ¤ì—ì„œ ì¼í•˜ê³  ìˆì–´,Workinâ€™ from Starbucks coffeeâ€™s my fuel â˜•
ì£¼ë§ ê³„íš ì—†ì–´,No weekend plans chill vibes only ğŸ–ï¸
ì¹´í˜ì¸ ë¶€ì¡±,Need some coffee stat feeling sluggish â˜•
ì¼ ëë‚¬ì–´,Work's done now it's time to chill ğŸ•’
ìƒˆ ì˜· ìƒ€ì–´,Bought new clothes time to flex ğŸ‘—
ê¸°ë¶„ ì¢‹ì•„,I'm in a good mood today canâ€™t complain ğŸ˜Š
ê²Œì„ì´ ë„ˆë¬´ ì¬ë°Œì–´,This gameâ€™s too good canâ€™t stop playing ğŸ®
ì˜í™” ë³´ëŸ¬ ê°€ê³  ì‹¶ì–´,Wanna go see a movie pop some popcorn ğŸ¿
ë„ˆë¬´ ì§€ë£¨í•´,Bored outta my mind no fun ğŸ’­
í•¸ë“œí° ì¼œê¸°,Turning on my phone letâ€™s see the updates ğŸ“±
ê²Œì„ì—ì„œ ì´ê²¼ì–´,Won in the game victory feels sweet ğŸ‰
ì¹´í†¡ ë‹µì¥ ì™”ì–´,Got a reply feeling seen ğŸ’¬
ì¹œêµ¬ë‘ ì „í™”í–ˆì–´,Chatted with a friend feeling good ğŸ‘¯â€â™‚ï¸
ì˜¤ëŠ˜ì€ í•˜ë£¨ì¢…ì¼ ì§‘ì— ìˆì—ˆì–´,Stayed home all day not even mad about it ğŸ¡
ì±… ì½ëŠ” ì¤‘,Reading a book getting lost in the pages ğŸ“–
ìš´ë™í•˜ê³  ë‚˜ì„œ ìƒì¾Œí•´,Feeling fresh after that workout ğŸ’¦
ë²„ìŠ¤ ì•ˆì—ì„œ,On the bus catching up on some stuff ğŸš
ë„ˆë¬´ ê¸°ëŒ€ë¼,Canâ€™t wait itâ€™s gonna be lit ğŸ”¥
ìƒìƒ ì´ìƒ,More than I imagined really impressed ğŸ‘
í•  ì¼ì´ ì‚°ë”ë¯¸ì•¼,So much to do need a time machine â³
ëˆ ì¢€ ë¹Œë ¤ì¤˜,Can you spot me some cash? ğŸ¤‘
ì»´í“¨í„° ê³ ì³¤ì–´,Fixed my computer back to work ğŸ’»
ì£¼ë§ì— ë­ í• ê¹Œ?,What should we do this weekend? ğŸ‰
ì¹œêµ¬ë“¤ ë§Œë‚˜ëŸ¬ ê°€,Heading to meet the squad letâ€™s hang out ğŸ‘¯â€â™‚ï¸
ê²Œì„ ì—…ë°ì´íŠ¸í–ˆì–´,Updated my game ready to dive in ğŸ®
ì¼ ëëƒˆì–´,Finished work now time to chill ğŸ§˜â€â™‚ï¸
ë‚ ì”¨ê°€ ì°¨ê°€ì›Œì¡Œì–´,Itâ€™s gotten cold time for the sweater ğŸ§£
í—¬ìŠ¤ì¥ ê°”ë‹¤ ì™”ì–´,Just hit the gym feelinâ€™ good ğŸ’ª
ì¹´í˜ì—ì„œ ì¼í•˜ê³  ìˆì–´,Working from a cafÃ© vibinâ€™ â˜•
ì˜í™” ë³´ê³  ìˆì–´,Watching a movie it's a good one ğŸ¬
ìˆ˜ë©´ ë¶€ì¡±,Sleepâ€™s been lacking need to catch up ğŸ›Œ
ì¼ ëë‚˜ê³  ë†€ì•„ì•¼ì§€,Done with work letâ€™s go out ğŸ•º
ìƒˆë¡œìš´ ë„ì „,Starting something new letâ€™s see how it goes ğŸ¤
ë°© ì •ë¦¬ ì¤‘,Organizing my room adulting is hard ğŸ§¹
ì˜¤ëŠ˜ í˜ë“¤ì—ˆì–´,Today was rough but I made it ğŸ‘Š
ì˜¤ëŠ˜ ì§„ì§œ ì¬ë°Œì—ˆì–´,Today was fun I had a blast ğŸ‰
ì˜¤ëŠ˜ ë‚ ì”¨ ì™„ì „ ì¢‹ì•„,The weatherâ€™s amazing today pure vibes ğŸŒ
ì•„ì¹¨ ì¼ì° ì¼ì–´ë‚¬ì–´,Woke up early feelinâ€™ productive â°
ê·¸ëƒ¥ ë©ë•Œë¦¬ê³  ìˆì–´,Just zoninâ€™ out lost in my thoughts ğŸ¤¯
ì´ê±° ì™„ì „ ì¢‹ì•„,This is so good canâ€™t get enough ğŸ˜‹
ì´ì œ ì§‘ì— ê°€,Headinâ€™ home now done for the day ğŸ 
ì˜¤ëŠ˜ í”¼ê³¤í•œ í•˜ë£¨ì˜€ì–´,Today was a long day ready for bed ğŸ˜´
ê·¸ëƒ¥ ìŒì•… ë“£ê³  ìˆì–´,Just vibinâ€™ to some music chillinâ€™ ğŸ¶
ì˜¤ëŠ˜ ë„ˆë¬´ ë”ì›Œ,Itâ€™s way too hot canâ€™t deal ğŸ¥µ
ë‹¤ì‹œ ì‹œì‘,Time to restart letâ€™s get it ğŸ”„
ì˜¤ëŠ˜ ë„ˆë¬´ ê¸¸ì—ˆì–´,Today was so long canâ€™t believe itâ€™s over â³
ì¹œêµ¬ë“¤í•˜ê³  ë†€ê³  ìˆì–´,Hanging with the crew good vibes only ğŸ•º
ìƒˆë¡œìš´ ì˜í™” ë´¤ì–´,Just saw a new movie it was good ğŸ¥
í–‡ì‚´ ì¢‹ë‹¤,Sunâ€™s out feelinâ€™ good ğŸŒ
ì¹œêµ¬ë‘ ì ì‹¬ ë¨¹ì—ˆì–´,Ate lunch with a friend chill vibes ğŸ£
ì§‘ì— ê°€ê³  ìˆì–´,On my way home almost there ğŸ 
ì‹œí—˜ ê²°ê³¼ ë°›ì•˜ì–´,Got the test results itâ€™s a wrap ğŸ“ˆ
ë¹„ê°€ ì˜¤ë„¤,Rainâ€™s cominâ€™ better bring an umbrella ğŸŒ§ï¸
ì–´ì œ ëŠ¦ê²Œê¹Œì§€ ê³µë¶€í–ˆì–´,Stayed up late studying now I'm drained ğŸ“š
ê°„ì‹ ë¨¹ê³  ìˆì–´,Snackin' on some chips rn canâ€™t stop ğŸ¥¨
ì±… ì½ê³  ìˆì–´,Reading a book itâ€™s pretty interesting ğŸ“–
ê¸°ë¶„ ì¢‹ì•„,Feeling good today vibes are high ğŸŒŸ
ìš´ë™í•˜ê³  ìˆì–´,Getting my workout in grind time ğŸ’ª
ê³ ë¯¼ ì¤‘,Donâ€™t know what to do decisions decisions ğŸ¤”
ìƒìƒë„ ëª»í•  ì¼ì´ ì¼ì–´ë‚¬ì–´,Saw something crazy today canâ€™t believe it ğŸ¤¯
ì˜¤ëŠ˜ ë‚ ì”¨ ë„ˆë¬´ ì¢‹ë‹¤,Weatherâ€™s perfect today gotta enjoy it ğŸŒˆ
ë°°ê³ íŒŒì„œ ë­ ë¨¹ì„ì§€ ê³ ë¯¼ ì¤‘,Starvinâ€™ deciding what to munch on ğŸ”
í…ŒìŠ¤íŠ¸ ëë‚¬ì–´,Testâ€™s over now I can breathe ğŸ˜Œ
í¸ì˜ì  ê°”ë‹¤ì™”ì–´,Hit up the convenience store for some snacks ğŸ›ï¸
ì¹¨ëŒ€ì— ëˆ„ì›Œ ìˆì–´,Layinâ€™ in bed feelinâ€™ lazy ğŸ›ï¸
ë°°ê°€ ë„ˆë¬´ ë¶ˆëŸ¬,Canâ€™t eat another bite stuffed ğŸ˜…
ì¹œêµ¬ ë§Œë‚˜ëŸ¬ ê°€ëŠ” ì¤‘,On my way to meet the squad letâ€™s go ğŸ‘¯â€â™‚ï¸
ì˜¤ëŠ˜ ë„ˆë¬´ í˜ë“¤ì–´,Todayâ€™s been rough but Iâ€™ll push through ğŸ’ª
ì§€ê¸ˆ ì˜í™” ë³´ëŸ¬ ê°€ëŠ” ì¤‘,On my way to see a movie hype ğŸ¬
í•™êµ ê°€ëŠ” ì¤‘,Headinâ€™ to school ready to learn ğŸ“š
ì£¼ë§ì—” ë­ í• ì§€ ê³ ë¯¼ ì¤‘,Wondering what to do this weekend any ideas? ğŸ¤·â€â™‚ï¸
ìš”ì¦˜ ë„ˆë¬´ ë°”ë¹ ,Been so busy lately canâ€™t catch a break ğŸƒâ€â™‚ï¸
ë„ˆë¬´ í”¼ê³¤í•´,Feel so tired today just wanna nap ğŸ’¤
ë‚ ì”¨ê°€ ë„ˆë¬´ ì¢‹ì•„ì„œ ë°–ì— ë‚˜ê°€ê³  ì‹¶ì–´,Itâ€™s so nice outside need to get out ğŸŒ¤ï¸
ìƒˆ ì‹ ë°œ ìƒ€ì–´,Got fresh kicks today drippin' ğŸ”¥
ì‹œí—˜ ê³µë¶€í•´ì•¼ í•´,Need to study for the exam no excuses ğŸ“
ì˜¤ëŠ˜ ë„ˆë¬´ ì§€ë£¨í•´,Todayâ€™s been so boring nothing to do ğŸ¤¦â€â™€ï¸
ì¹œêµ¬ë‘ ì „í™” ì¤‘,Talkinâ€™ to a friend catching up ğŸ“
ì§€ê¸ˆ ê²Œì„ ì¤‘,Playing a game right now on a roll ğŸ®
ë°°ê°€ ì•„íŒŒ,My stomachâ€™s acting up not fun ğŸ¤¢
ì˜¤ëœë§Œì— ì¹œêµ¬ë“¤ ë§Œë‚¬ì–´,Met up with friends after a long time so good ğŸ‘«
ë¹¨ë¦¬ ëë‚´ê³  ì‹¶ì–´,Need to finish this fast canâ€™t wait to chill ğŸ
ë°°ê³ í”„ë‹¤,Starvinâ€™ right now need food ASAP ğŸ•
ìˆ™ì œ í•´ì•¼ í•´,Need to do homework but I donâ€™t wanna ğŸ˜©
ì•„ì¹¨ì— ì¼ì° ì¼ì–´ë‚¬ì–´,Woke up early today ready to conquer ğŸ’ª
ë¹„ê°€ ì™€ì„œ ìš°ì‚° ì±™ê²¼ì–´,Rained so I grabbed an umbrella just in case ğŸŒ§ï¸
ì¹œêµ¬ë‘ ìš´ë™í•˜ê³  ìˆì–´,Working out with my buddy letâ€™s get fit ğŸ’ª
ê²Œì„ì—ì„œ ì´ê²¼ì–´,Won a game feeling on top of the world ğŸ®
ì§€ê¸ˆ ì§‘ì— ê°€ëŠ” ì¤‘,Heading home now itâ€™s been a day ğŸ¡
ì˜¤ëŠ˜ ê¸°ë¶„ ì¢‹ì•„,Feeling really good today high-key ğŸ•º
ë°°ê°€ ë„ˆë¬´ ê³ íŒŒ,So hungry might eat everything ğŸ”
ì§€ê¸ˆ ì™¸ì¶œ ì¤‘,Out and about doing my thing ğŸš¶â€â™‚ï¸
í•˜ë£¨ê°€ ë„ˆë¬´ ê¸¸ì—ˆì–´,Today feels like itâ€™s been dragging on â³
ë°°ê°€ ì•„í”„ê³  í˜ë“¤ì–´,Stomachâ€™s hurting feeling down ğŸ¥²
ì˜¤ëŠ˜ ë„ˆë¬´ í˜ë“¤ì—ˆì–´,Today was hard need some rest ğŸ›ï¸
ì§€ê¸ˆ ì¼í•˜ê³  ìˆì–´,Working right now gotta stay focused ğŸ–¥ï¸
ë…¸ë˜ ë“£ê³  ìˆì–´,Listening to music itâ€™s the vibe ğŸ§
ì˜¤ëŠ˜ ë„ˆë¬´ í˜ë“¤ì–´,Feeling drained today just wanna chill ğŸ˜´
ì§‘ì— ê°€ëŠ” ê¸¸,On the way home looking forward to rest ğŸ›‹ï¸
ë°°ë‹¬ ì™”ì–´,Foodâ€™s here time to feast ğŸ•
ìƒˆë¡œìš´ ê²Œì„ ì‹œì‘í–ˆì–´,Started a new game letâ€™s see how far I get ğŸ®
ê¸°ì°¨ íƒ€ê³  ìˆì–´,On the train going places ğŸš†
ë„ˆë¬´ ë”ì›Œì„œ ì§‘ì— ìˆì–´,Itâ€™s too hot to go outside chillinâ€™ inside ğŸŒ
ì´ì œ ì§‘ì— ê°€,Headinâ€™ home now done for the day ğŸ 
ì¹œêµ¬ë‘ ì˜í™” ë´¤ì–´,Watched a movie with a friend good vibes ğŸ¬
ì¹¨ëŒ€ì—ì„œ ë’¹êµ´ê³  ìˆì–´,Just rollinâ€™ around in bed lazy vibes ğŸ›ï¸
ì¼ ë§ˆì¹˜ê³  ì§‘ ê°€ëŠ” ì¤‘,Finished work heading home ğŸ¡
ì˜¤ëŠ˜ ë„ˆë¬´ í˜ë“¤ì–´,Today was exhausting I need a nap ğŸ˜´
ì¡°ê¸ˆ ì´ë”° ì „í™”í• ê²Œ,I'll call you later gotta finish something ğŸ“
ì¹œêµ¬í•œí…Œ ì„ ë¬¼ ìƒ€ì–´,Bought a gift for my friend feeling generous ğŸ
ì˜¤ëŠ˜ ë„ˆë¬´ ê¸¸ì—ˆì–´,Today felt like it lasted forever â³
ë°¤ìƒˆ ê²Œì„ í–ˆì–´,Played games all night got zero sleep ğŸ•¹ï¸
ì¼ ëë‚˜ê³  ì¹œêµ¬ ë§Œë‚  ê±°ì•¼,Meeting a friend after work canâ€™t wait ğŸ¤—
ì¢€ ë” ìê³  ì‹¶ì–´,Need more sleep five more minutes please ğŸ›Œ
ì‰¬ê³  ìˆì–´,Just chillinâ€™ no rush today ğŸŒ
ì˜¤ëŠ˜ì€ ê·¸ëƒ¥ ì‰¬ê³  ì‹¶ì–´,Just wanna relax today you know? ğŸ˜Œ
ë°°ê³ íŒŒì„œ ë­ ë¨¹ì„ì§€ ê³ ë¯¼ ì¤‘,Starving thinking about what to eat ğŸ½ï¸
ì´ì œ ìˆ™ì œ í•´ì•¼ í•´,Time to hit the books gotta study ğŸ“š
ì˜¤ëŠ˜ ë‚ ì”¨ ë„ˆë¬´ ì¢‹ë‹¤,Weatherâ€™s so nice today perfect vibe ğŸŒ
ìš´ë™í•˜ê³  ë‚˜ì„œ í”¼ê³¤í•´,So tired after that workout need a break ğŸ‹ï¸â€â™€ï¸
ì§€ê¸ˆ ì™¸ì¶œ ì¤‘,On my way out letâ€™s see where the day takes me ğŸš¶â€â™€ï¸
ì§€í•˜ì²  íƒ€ê³  ìˆì–´,On the subway moving through the city ğŸš‡
ìƒˆë¡œìš´ ì±… ì½ê³  ìˆì–´,Reading a new book itâ€™s good so far ğŸ“š
ë²„ìŠ¤ ë†“ì³¤ì–´,Missed the bus now Iâ€™m late ugh ğŸšŒ
ì´ì œ ì €ë… ë¨¹ì„ ì‹œê°„,Time for dinner finally ğŸ½ï¸
ì¹œêµ¬ë‘ ì¹´í˜ ê°”ì–´,Went to a cafÃ© with a friend chill vibes â˜•
ë„ˆë¬´ ë°”ë¹ ,So busy today canâ€™t even take a break ğŸƒâ€â™‚ï¸
ì‹œí—˜ ê³µë¶€í•´ì•¼ í•´,Need to study for the exam no distractions ğŸ“–
ì˜¤ëŠ˜ ë„ˆë¬´ ì§€ë£¨í•´,Todayâ€™s been super boring canâ€™t wait for it to end ğŸ¤¦â€â™€ï¸
ì§€ê¸ˆ ë­ í•´?,What are you up to right now? ğŸ˜
ì˜¤ëŠ˜ ë„ˆë¬´ ë¥ë‹¤,Itâ€™s way too hot today canâ€™t stand it ğŸ¥µ
ì§€ê¸ˆ ì „í™” ì¤‘,On the phone right now talk later ğŸ“
íœ´ì‹ ì¤‘,Just taking a break recharging ğŸ§˜â€â™‚ï¸
ì´ë²ˆ ì£¼ë§ì— ë­ í• ì§€ ê³ ë¯¼ ì¤‘,Wondering what to do this weekend ğŸ—“ï¸
ê°„ì‹ ë¨¹ê³  ìˆì–´,Snacking on something sweet got that sugar rush ğŸ©
ì˜¤ëŠ˜ í”¼ê³¤í•´,Feel so tired today need a nap ğŸ’¤
ë¹„ ì™€ì„œ ìš°ì‚° ì±™ê²¼ì–´,Rainy day grabbed the umbrella ğŸŒ§ï¸
ìƒˆ ì‹ ë°œ ìƒ€ì–´,Got new shoes today fresh kicks ğŸ‘Ÿ
ì´ì œ ì§‘ì— ê°€ê³  ìˆì–´,Headed home canâ€™t wait to chill ğŸ¡
ì˜¤ëŠ˜ ë„ˆë¬´ í”¼ê³¤í•´,So tired today itâ€™s been a long one ğŸ’¤
ì§€ê¸ˆ ê°€ëŠ” ì¤‘,On the way almost there ğŸš¶â€â™‚ï¸
ì´ì œ ì§‘ì— ë„ì°©,Just got home finally ğŸ 
ì‹œí—˜ ê²°ê³¼ ë°›ì•˜ì–´,Got the test results back didnâ€™t do great ğŸ˜¬
í¸ì˜ì  ê°”ë‹¤ì™”ì–´,Hit up the convenience store for some snacks ğŸ›ï¸
ì¹œêµ¬ë‘ ë§Œë‚˜ëŸ¬ ê°€ëŠ” ì¤‘,On the way to meet up with a friend ğŸ‘¯â€â™‚ï¸
ê¸°ë¶„ ì¢‹ì•„,Feeling good positive vibes all around ğŸ˜
ì•„ì¹¨ë¶€í„° ë°”ë¹´ì–´,Been busy since morning finally a break ğŸ•“
ì¹œêµ¬ë‘ ì „í™” ì¤‘,Choppinâ€™ it up with a friend ğŸ“
ì˜¤ëŠ˜ ë‚ ì”¨ ë„ˆë¬´ ì¢‹ë‹¤,Itâ€™s sunny and perfect love it ğŸŒ
ë„ˆë¬´ í”¼ê³¤í•´,I'm so drained need to relax ğŸ’¤
ì˜¤ëŠ˜ ë„ˆë¬´ ë”ì›Œ,Itâ€™s super hot today canâ€™t deal ğŸ¥µ
ì¢€ ì´ë”° ì „í™”í• ê²Œ,Call you later gotta wrap this up ğŸ“
í•˜ë£¨ ì¢…ì¼ ì™¸ì¶œí–ˆì–´,Out all day ready for some rest ğŸ›‹ï¸
ìƒˆë¡œìš´ ê²Œì„ ì‹œì‘í–ˆì–´,Started a new game letâ€™s see what happens ğŸ®
ì¹œêµ¬ë‘ ì¹´í˜ ê°”ì–´,Met up with a friend at the cafÃ© so chill â˜•
ì±… ì½ê³  ìˆì–´,Reading a book itâ€™s getting interesting ğŸ“–
ì €ë… ë¨¹ê³  ìˆì–´,Having dinner finally refueling ğŸ´
ìƒˆë¡œìš´ ìŒì•… ë“£ê³  ìˆì–´,Listening to new tunes vibin' ğŸ§
ì˜¤ëŠ˜ ë‚ ì”¨ ë„ˆë¬´ ì¶¥ë‹¤,Itâ€™s freezing today whereâ€™s the warmth? ğŸ¥¶
í•¸ë“œí° ì¶©ì „ ì¤‘,Charging my phone itâ€™s dying ğŸ”‹
ì¹œêµ¬ë‘ ì‚°ì±… ì¤‘,Out for a walk with the homie ğŸš¶â€â™‚ï¸
ì§‘ì—ì„œ ì‰¬ê³  ìˆì–´,Just chillinâ€™ at home no plans ğŸ 
ë„ˆë¬´ í”¼ê³¤í•´ì„œ ëˆ„ì›Œ ìˆì–´,Dead tired just laying down ğŸ›ï¸
ì˜¤ëŠ˜ ì¹œêµ¬ë“¤ ë§Œë‚˜ëŸ¬ ê°€,Heading to meet up with friends ğŸ‘¯â€â™‚ï¸
ì‹œí—˜ ì¤€ë¹„ ì¤‘,Studying hard for the test wish me luck ğŸ“š
ìƒˆë¡œìš´ ì‡¼í•‘ëª° ê°”ì–´,Checked out a new mall got some fresh gear ğŸ›ï¸
ë‹¤ ëë‚´ê³  ì‰¬ê³  ìˆì–´,Finished everything now it's time to relax ğŸ’†â€â™€ï¸
ë¹„ ì˜¤ëŠ” ë‚ ,Itâ€™s raining perfect excuse to stay in â˜”
ì˜¤ëŠ˜ ë„ˆë¬´ ë°”ë¹ ,Todayâ€™s been crazy busy but Iâ€™m managing ğŸƒâ€â™€ï¸
ì´ì œ ì¼í•˜ëŸ¬ ê°€,Heading to work letâ€™s get it ğŸ’¼
ì˜¤ëŠ˜ì€ ì§‘ì—ì„œ í‘¹ ì‰´ ê±°ì•¼,Just taking it easy today at home ğŸ¡
ìƒˆë¡œìš´ ì˜í™” ë´¤ì–´,Went to the movies it was epic ğŸ¥
ì˜¤ëŠ˜ íšŒì˜ ìˆì—ˆì–´,Had a meeting today got a lot done ğŸ“
ì¹œêµ¬ë‘ ì¹´í˜ ê°”ì–´,Chillinâ€™ with a friend at the cafÃ© coffee vibes â˜•
ê°„ì‹ ë¨¹ê³  ìˆì–´,Snacking on some cookies sweet life ğŸª
ìƒˆë¡œìš´ ìš´ë™ ì‹œì‘í–ˆì–´,Started a new workout letâ€™s get fit ğŸ’ª
ì§€ê¸ˆ ìš”ë¦¬ ì¤‘,Currently cooking smells amazing ğŸ‘¨â€ğŸ³
ì§€ê¸ˆ ë²„ìŠ¤ íƒ€ê³  ìˆì–´,On the bus getting to my next stop ğŸšŒ
ì¹œêµ¬ë‘ ê²Œì„ ì¤‘,Playing a game with my friend itâ€™s intense ğŸ®
ì˜¤ëŠ˜ í˜ë“¤ì—ˆì–´,Today was tough glad it's over ğŸ˜©
íœ´ì‹ ì¤‘,Just chilling for a bit catching my breath ğŸ§˜â€â™‚ï¸
í”¼ê³¤í•´ì„œ ì  ìëŸ¬ ê°€,So tired heading to bed ğŸ›ï¸
ìƒˆë¡œìš´ ì•± ê¹”ì•˜ì–´,Downloaded a new app canâ€™t wait to try it ğŸ“±
ë°¤ìƒˆ ê²Œì„ í–ˆì–´,Stayed up all night gaming no regrets ğŸ˜…
ì˜¤ëŠ˜ í•˜ë£¨ ë„ˆë¬´ ê¸¸ì—ˆì–´,This day was long but we survived ğŸ•°ï¸
ì¹œêµ¬ë‘ ì „í™” ì¤‘,Chillinâ€™ on the phone with my friend ğŸ“
ì˜¤ëŠ˜ ë­˜ í• ì§€ ëª¨ë¥´ê² ì–´,Not sure what to do today any ideas? ğŸ¤”
í•˜ëŠ˜ì´ ë„ˆë¬´ ì˜ˆë»,The sky looks so beautiful today wow ğŸŒ…
ì˜¤ëŠ˜ í•˜ë£¨ ë„ˆë¬´ ë¹¨ë¦¬ ê°”ì–´,Today flew by didnâ€™t even notice ğŸ•’
ê²Œì„ ì¤‘,Playing some games to unwind ğŸ®
ì˜¤ëŠ˜ ì¼ ëë‚˜ê³  ì¹œêµ¬ ë§Œë‚˜,Meeting a friend after work letâ€™s go ğŸ‘¯â€â™€ï¸
ë°¥ ë¨¹ì—ˆì–´,Had some good food feeling full now ğŸš
ì˜¤ëŠ˜ í•˜ë£¨ í˜ë“¤ì—ˆì–´,Today was a struggle but I made it through ğŸ’ª
ì˜¤ëŠ˜ ë‚ ì”¨ ì§„ì§œ ì¢‹ë‹¤,The weather is amazing today perfect vibes ğŸŒ
ì˜¤ëŠ˜ í”¼ê³¤í•´ì„œ ì¼ì° ì˜ ê±°ì•¼,So tired gonna sleep early tonight ğŸ’¤
ì§€ê¸ˆ ì§‘ì— ê°€ëŠ” ì¤‘,On my way home almost there ğŸ 
ì˜¤ëŠ˜ ì‹œí—˜ ë´¤ì–´,Took a test today hope I did well ğŸ¤
ì¹œêµ¬ë‘ ì˜í™” ë´¤ì–´,Went to the movies with a friend fun time ğŸ¥
ì •ë¦¬ ì¢€ í•´ì•¼ê² ì–´,Need to clean up things are getting messy ğŸ§¹
ì‹œí—˜ ê³µë¶€ ì¤‘,Studying for that big exam gotta ace it ğŸ“–
ì¹œêµ¬ë‘ ì¹´í˜ ê°”ì–´,Met a friend at the cafÃ© great time â˜•
ì˜¤ëŠ˜ ë„ˆë¬´ ë¥ë‹¤,Itâ€™s way too hot today need some AC ğŸ¥µ
ì§€ê¸ˆ ì‹ì‚¬ ì¤‘,Having a meal finally some food ğŸ´
ì¹œêµ¬ë‘ ì‚°ì±… ì¤‘,Walking with a friend enjoying the day ğŸŒ³
ì˜¤ëŠ˜ ê¸°ë¶„ ì¢‹ë‹¤,Feeling so good today everythingâ€™s perfect ğŸ˜Š
ì§€ê¸ˆ ì™¸ì¶œ ì¤‘,On my way out ready for the day ğŸš¶â€â™‚ï¸
ì˜¤ëŠ˜ ë„ˆë¬´ ì¶”ì›Œ,Itâ€™s freezing today gotta bundle up ğŸ§£
ì˜¤ëŠ˜ í•˜ë£¨ëŠ” ë„ˆë¬´ ê¸¸ì—ˆì–´,Today felt like it dragged on forever â³
ì±… ì½ê³  ìˆì–´,Reading a book itâ€™s really captivating ğŸ“–
ë‹¤ ëëƒˆì–´,Finished everything I needed to do finally ğŸ
í”¼ì ë¨¹ê³  ìˆì–´, Munchinâ€™ on some pizza living the dream ğŸ•
ìš´ë™ ì¤‘ì´ì•¼, Hittinâ€™ the gym gotta stay fit ğŸ’ª
ìƒˆë¡œ ì‚° ì˜· ì…ê³  ìˆì–´, Rockinâ€™ new threads drippinâ€™ fresh ğŸ§¢
ì§€ê¸ˆ ì¶¤ì¶”ê³  ìˆì–´, Dancinâ€™ it out vibes all day ğŸ’ƒ
ì¹œêµ¬ë‘ ì¹´í˜ ê°€ê³  ìˆì–´, On my way to the cafÃ© with the squad â˜•
ë°°ê³ íŒŒì„œ ë­ ë¨¹ì„ì§€ ëª°ë¼, Starvinâ€™ donâ€™t even know what I want to eat ğŸ¤”
ë“œë¼ì´ë¸Œ ì¤‘ì´ì•¼, Cruisinâ€™ down the street wind in my hair ğŸš—
ë¹„ê°€ ì™€ì„œ ìš°ì‚° ì±™ê²¼ì–´, Grabbed my umbrella rain canâ€™t stop me â˜”
ìƒˆë¡œìš´ ë…¸ë˜ ì°¾ì•„ ë“¤ì—ˆì–´, Just found a new banger itâ€™s fire ğŸ”¥
ì˜¤ëŠ˜ë„ í•™êµ ê°€ì•¼ í•´, Back at school grindinâ€™ like always ğŸ“š
ì§€ê¸ˆ ì¹œêµ¬ ë§Œë‚˜ëŸ¬ ê°€, Goinâ€™ to link up with the crew ğŸ”¥
ê²Œì„ì—ì„œ ì´ê²¼ì–´, Took the dub in the game no cap ğŸ†
ì§€ê¸ˆ í˜¼ì ìˆì–´, Just chillinâ€™ solo for a bit ğŸ§˜â€â™‚ï¸
í”¼ê³¤í•´ì„œ ì  ì˜¬ ê²ƒ ê°™ì•„, Dead tired sleepâ€™s calling me ğŸ˜´
ì˜í™” ë³´ëŸ¬ ê°€ê³  ìˆì–´, Headed to catch a flick ğŸ¬
ì—¬í–‰ ê°€ê³  ì‹¶ì–´, Wanna dip and take a trip fr ğŸŒ
ëª©ì´ ë§ˆë¥¸ë°, Thirsty as hell need a drink asap ğŸ¥¤
ì˜¤ëŠ˜ì€ ì¼ì° ì¼ì–´ë‚¬ì–´, Woke up early today feeling productive â°
í”¼ì•„ë…¸ ì¹˜ê³  ìˆì–´, Hittinâ€™ some piano keys just vibinâ€™ ğŸ¹
ì ê¹ë§Œ, ë‚˜ ì ê¹ë§Œ Wait up I need a second ğŸ•
ì¹œêµ¬ë“¤ì´ë‘ ë†€ê³  ìˆì–´, Chillinâ€™ with the crew squad goals ğŸ‘¯â€â™€ï¸
ì˜¤ëŠ˜ ë„ˆë¬´ ë”ì›Œ, Itâ€™s mad hot today AC on blast ğŸ”¥
ì•„ì¹¨ ë¨¹ê³  ìˆì–´, Morninâ€™ grub time cereal vibes ğŸ³
ì£¼ë§ì— ë­ í• ì§€ ëª°ë¼, Donâ€™t know what to do this weekend any ideas? ğŸ¤·â€â™‚ï¸
ì§€ê¸ˆ ìŒì•… ë“£ê³  ìˆì–´, Vibinâ€™ to some smooth tunes ğŸ¶
ê°€ì¡±ì´ë‘ ì‹œê°„ ë³´ë‚´ëŠ” ì¤‘, Spending time with the fam love it â¤ï¸
ì˜¤ëŠ˜ í•˜ë£¨ ë„ˆë¬´ ê¸¸ì—ˆì–´, Today felt like a marathon bruh â³
ì‘ì€ ì¼ í•˜ë ¤ê³  ë‚˜ê°”ì–´, Steppinâ€™ out for some quick errands ğŸƒâ€â™€ï¸
ë°¤ìƒˆ í•  ì¼ ìˆì–´, Got stuff to do all night no sleep tonight ğŸ”¥
ì¹œêµ¬ë‘ ìŠ¤ì¼€ì´íŠ¸ë³´ë“œ íƒ€ê³  ìˆì–´, Skatinâ€™ with the homies catch me on the board ğŸ›¹
ê°„ì‹ ë¨¹ê³  ìˆì–´, Snack time! Munchinâ€™ on some chips ğŸŸ
ì¼í•˜ëŸ¬ ê°€ì•¼ í•´, Gotta head to the grind work calls ğŸ“ˆ
ê¸°ë¶„ ìµœê³ , Feelinâ€™ like a million bucks today ğŸ’°
ì‹œê°„ ì•ˆ ë§ì¶°ì„œ ëª» ê°”ì–´, Couldnâ€™t make it ran outta time â±ï¸
ê¸¸ì„ ìƒì—ˆì–´, Lost in the city send help ğŸ—ºï¸
ì¢€ ì´ë”° ì „í™”í• ê²Œ, Iâ€™ll hit you up in a sec donâ€™t trip ğŸ“
ì˜¤ëŠ˜ ë„ˆë¬´ ì‰¬ì—ˆì–´, Took a whole day to just relax no regrets ğŸ›€
ì˜¤ëŠ˜ í•  ì¼ì´ ë§ì•„, Got a ton of stuff to handle today ğŸ“‹
ì¹œêµ¬ê°€ ë¯¸ì³¤ì–´, My friend is wild canâ€™t keep up ğŸ¤ª
ì•„ì¹¨ì— ì¼ì° ì¼ì–´ë‚¬ì–´, Woke up early this morning ready to seize the day â°
ì˜¤ëŠ˜ ì»¤í”¼ ë§ˆì…¨ì–´, Sippinâ€™ on some coffee to kickstart my day â˜•
ë„ˆë¬´ ì¬ë°Œì–´ì„œ ì‹œê°„ì´ ì•ˆ ê°€, Time flies when youâ€™re having fun ğŸ•
ìš´ì „ ì¤‘ì´ì•¼, Cruisinâ€™ to my next stop ğŸ›£ï¸
ëª¸ì´ ì•„íŒŒ, Bodyâ€™s sore from yesterdayâ€™s workout ğŸ‹ï¸â€â™‚ï¸
ë°–ì— ë‚˜ê°€ê³  ì‹¶ì–´, Wanna get out and breathe some fresh air ğŸŒ¬ï¸
ì‹œí—˜ ì¤€ë¹„ ì¤‘, Gotta study for that big exam ğŸ“š
ìƒˆë¡œìš´ ê²Œì„ ì‹œì‘í–ˆì–´, Started a new game itâ€™s so lit ğŸ®
ì˜¤ëŠ˜ ë„ˆë¬´ í”¼ê³¤í•´, Dead tired after a long day ğŸ˜©
ì˜¤ëŠ˜ í•˜ë£¨ ì–´ë• ì–´?, Howâ€™s your day been fam? ğŸ¤”
ì—„ë§ˆë‘ ì‡¼í•‘ ì¤‘, Shopping with mom fun times ğŸ›ï¸
ì±… ì½ê³  ìˆì–´, Lost in a book it's a vibe ğŸ“–
ì €ë…ì— ë­ í• ì§€ ëª¨ë¥´ê² ì–´, Not sure whatâ€™s for dinner yet ğŸ¤·â€â™‚ï¸
ì¹œêµ¬ë‘ ìš´ë™ ê°€, Hittinâ€™ the gym with my bestie ğŸ’ª
ê·¸ëƒ¥ ì•‰ì•„ì„œ ì‰¬ê³  ìˆì–´, Just sitting back taking a break ğŸ›‹ï¸
ë„ë„› ë¨¹ê³  ìˆì–´, Just crushinâ€™ on some fresh donuts vibeâ€™s chill ğŸ©
ë°°ê³ íŒŒ, Hungry as hell need something to hit the spot ğŸ˜¤
ì§€ê¸ˆ ë­í•´?, Whatâ€™s good right now? Catch me vibinâ€™ ğŸ”¥
ì´ê±° ì§„ì§œ ë©‹ì ¸, This is wild no cap it's the move ğŸ˜
í”¼ê³¤í•´, Low-key drained but still movinâ€™ ğŸ’¤
ì¹œêµ¬ ë§Œë‚¬ì–´, Chillin' with the crew we out here ğŸŒ
ê³µê¸°ë†€ì´í•´, Old school vibes catch me playinâ€™ games âœŒï¸
ìˆ™ì œí•´ì•¼ ë¼, Gotta hit this grind homework's on my neck ğŸ“š
ê¸°ë¶„ ì¢‹ì•„, Feeling light this energyâ€™s different âœ¨
ë¹„ ì™€, Rainâ€™s fallinâ€™ but the vibe's still solid ğŸŒ§ï¸
ë†€ê³  ì‹¶ì–´, Just tryna kick back and vibe out no cap ğŸƒ
ì¡¸ë ¤, Eyes heavy but the nightâ€™s young ğŸ˜´
ë­ ë¨¹ì„ê¹Œ?, What we eating? Need that fire meal ğŸ”¥
ì‹¬ì‹¬í•´, Just tryna find something to do everything's dead ğŸ¥±
í•™êµ ê°€ê¸° ì‹«ì–´, Not feelinâ€™ school today but we gotta pull up ğŸ‘€
ì§€ê°í–ˆì–´, Late as hell but we in here anyway â°
ì—„ë§ˆí•œí…Œ í˜¼ë‚¬ì–´, Mom hit me with the lecture itâ€™s whatever ğŸ¤¦â€â™‚ï¸
ì˜¤ëŠ˜ ë‚ ì”¨ ì¢‹ì•„, Sky's flexin' hard today perfect day ğŸŒ
ìš´ë™í–ˆì–´, Got that workout in feelinâ€™ strong ğŸ’ª
ê²Œì„ í•˜ê³  ìˆì–´, Gaming sessionâ€™s on canâ€™t stop wonâ€™t stop ğŸ®
ë…¸ë˜ ë“£ëŠ” ì¤‘ì´ì•¼, On repeat these tracks hit different ğŸ”¥
ì¹œêµ¬ë‘ ì „í™” ì¤‘ì´ì•¼, Choppinâ€™ it up with the homie vibe check ğŸ“
ì¹´í˜ ì™”ì–´, Coffeeâ€™s on just sippinâ€™ and takinâ€™ it slow â˜•
ì‹œí—˜ ë§í–ˆì–´, That test was a L but we learn from it ğŸ“‰
ì§€ê°‘ ìƒì–´ë²„ë ¸ì–´, Lost my wallet but we still movinâ€™ ğŸ’¸
ë°° ì•„íŒŒ, Stomach's wildinâ€™ gotta chill ğŸ¥´
ì§‘ì— ê°€ê³  ì‹¶ì–´, Just wanna dip back home kick my feet up ğŸ 
ì•Œë°” ê°€ì•¼ ë¼, Gotta clock in work never stops ğŸ’¼
ì§€ê¸ˆ ê°€ëŠ” ì¤‘ì´ì•¼, On the move no time to waste ğŸš¶â€â™‚ï¸
í•  ë§ ê¹Œë¨¹ì—ˆì–´, Lost my thought brain went blank for a sec ğŸ§ 
ë°°ë¶ˆëŸ¬, Full as hell canâ€™t eat another bite ğŸ´
í•¸ë“œí° ë°°í„°ë¦¬ ì—†ì–´, Phoneâ€™s dead send a charger stat ğŸ”‹
ì˜¤ëŠ˜ ë„ˆë¬´ í”¼ê³¤í•´, Tired to the bone today need sleep ASAP ğŸ›ï¸
ìƒˆë²½ê¹Œì§€ ê¹¨ì–´ ìˆì—ˆì–´, All-nighter vibes low-key suffering â˜•
ëŠ¦ì  ì¤ì–´, Missed the alarm sleep got me good ğŸ˜´
í•  ê²Œ ë„ˆë¬´ ë§ì•„, Listâ€™s too long canâ€™t keep up ğŸ“
ì¹´í†¡ ë‹µì¥ ì•ˆ ì˜´, Left on read real pain ğŸ’”
ìƒˆ ì‹ ë°œ ìƒ€ì–´, Got some fresh kicks step in the game ğŸ”¥
ê¸°ì°¨ íƒ”ì–´, Chillin' on the train heading downtown ğŸš‰
ë§›ìˆëŠ” ê±° ë¨¹ê³  ì‹¶ì–´, Cravinâ€™ something fire right now ğŸ”¥
ì•½ì† ì·¨ì†Œëì–´, Plans got canceled no surprise huh? ğŸ™„
ì§€ê¸ˆ ì‰¬ëŠ” ì¤‘ì´ì•¼, Just takinâ€™ a pause no rush ğŸ›‹ï¸
ë„ˆë¬´ ì¡¸ë ¤ì„œ ëˆˆ ê°ê²¼ì–´, Knocked out for a sec eyes closed no cap ğŸ˜´
ì§‘ ê°€ëŠ” ê¸¸ì´ì•¼, On my way back to the crib peace âœŒï¸
ë°”ëŒ ì„ ì„ í•´, Cool breeze hittinâ€™ different today ğŸŒ¬ï¸
ì˜¤ëŠ˜ í•  ì¼ ë§ì•„, To-do listâ€™s lookinâ€™ crazy right now ğŸ“‹
ì§€ê¸ˆì€ ì•„ë¬´ê²ƒë„ ì•ˆ í•´, Just vibinâ€™ no plans just chillinâ€™ âœŒï¸
ì˜¤ëŠ˜ ë„ˆë¬´ í˜ë“¤ì–´, Feelinâ€™ drained like the whole worldâ€™s on my shoulders ğŸ˜©
ë¹„ ì˜¤ë©´ ë­”ê°€ ì¢‹ë‹¤, Something 'bout the rain hits different ya know? ğŸŒ§ï¸
ë„ˆë¬´ ë§ì´ ë¨¹ì—ˆì–´, Went way overboard with the food now Iâ€™m stuck ğŸ¤¢
ê·¸ëƒ¥ ê±·ê³  ìˆì–´, Walking with no destination just letting the day unfold ğŸš¶â€â™‚ï¸
ì¹œêµ¬ë“¤ì´ë‘ ìˆ˜ë‹¤ ë–¨ê³  ìˆì–´, Just talkinâ€™ nonsense laughinâ€™ it up with the squad ğŸ˜‚
ê¸°ë¶„ ì „í™˜ í•„ìš”í•´, Need a change of pace just want to get out and breathe ğŸŒ³
ë°¤ìƒˆ ë†€ì•˜ì–´, Stayed up all night now Iâ€™m feelinâ€™ the crash ğŸ˜´
ì´ ìŒì•… ì§„ì§œ ì¢‹ì•„, This trackâ€™s fire can't stop playing it ğŸ”¥
í•™êµ ëë‚¬ì–´, Schoolâ€™s over now itâ€™s time to relax ğŸ«
ì§€ê¸ˆì€ ë”´ ìƒê°í•˜ê³  ìˆì–´, Mindâ€™s wanderinâ€™ lost in thought ğŸ§ 
ìƒˆë¡œìš´ í”„ë¡œì íŠ¸ ì‹œì‘í–ˆì–´, Started a new project hope it pops ğŸ’¡
ê³µë¶€í•´ì•¼ ë¼, Gotta hit the books grind never stops ğŸ“š
ì¹œêµ¬ë“¤ì´ë‘ ì˜í™” ë³´ê³  ìˆì–´, Watchinâ€™ a flick with the crew ğŸ¥
ëª¸ì´ ì•„íŒŒ, Feelinâ€™ sore from yesterdayâ€™s workout need a break ğŸ’†â€â™‚ï¸
ì˜¤ëŠ˜ì€ ì—¬ìœ  ìˆì–´, Taking it slow today no rush ğŸš¶â€â™‚ï¸
ì§€ê¸ˆì€ ì§‘ì¤‘ ì¤‘, Deep in focus no distractions ğŸ¯
ê¸°ë¶„ ì§±ì´ì•¼, Feelinâ€™ on top of the world right now ğŸŒ
ìš´ì „ ì¤‘ì´ì•¼, Cruisinâ€™ down the street windows down ğŸš—
ë°°ê³ í”„ì§„ ì•Šì€ë°, Not hungry but something sounds good ğŸ¥¡
ì´ ìƒí™© ë„ˆë¬´ ì›ƒê²¨, This momentâ€™s hilarious I canâ€™t stop laughing ğŸ˜‚
ë¨¸ë¦¬ ì•„íŒŒ, Headâ€™s killinâ€™ me gotta chill for a sec ğŸ§ 
ëˆ„êµ¬ë‘ ë§Œë‚  ê±°ì•¼, About to link up with someone special ğŸ‘€
ì¼ ëë‚¬ì–´, Work's over now itâ€™s time for me ğŸ•’
ìƒˆë¡œìš´ ì¼ ì‹œì‘í–ˆì–´, Just started a new hustle big moves ğŸ’¼
ë¹„ê°€ ì™€ì„œ ê¸°ë¶„ ì¢‹ì•„, Rainâ€™s fallinâ€™ but the vibeâ€™s right ğŸŒ§ï¸
ë„ˆë¬´ í”¼ê³¤í•´ì„œ ëª» ì¼ì–´ë‚¬ì–´, Dead tired couldnâ€™t get out of bed ğŸ˜©
ìƒˆë¡œìš´ ì¥ì†Œ ê°€ê³  ìˆì–´, Headed to a new spot letâ€™s see whatâ€™s good ğŸ”‘
ë„ˆë¬´ ì¢‹ì€ ë‚ , Perfect day to be outside catchinâ€™ vibes ğŸŒ
ë§í•  ê²Œ ìˆì–´, Got something to say but Iâ€™m keepinâ€™ it low-key ğŸ’¬
ì§€ê¸ˆ ì§‘ì¤‘ ì¤‘ì´ì•¼, Locked in on this task gotta finish it ğŸ’»
ì´ ë‚ ì”¨ ì§„ì§œ ì¢‹ì•„, This weatherâ€™s perfect canâ€™t beat it ğŸŒ¤ï¸
ê³„ì†í•´ì„œ ë‚˜ê°€ì•¼ í•´, Gotta keep pushinâ€™ canâ€™t stop now ğŸ’ª
ë„ˆë¬´ ê¸°ëŒ€ë¼, Super hyped for whatâ€™s cominâ€™ next ğŸ¤©
ë„ˆë¬´ ì°¨ê°€ì›Œ, Itâ€™s cold as hell but we out here ğŸ¥¶
ê¸°ì°¨ íƒ€ê³  ê°€ëŠ” ì¤‘, On the train chillinâ€™ watchinâ€™ the world go by ğŸš‰
ìƒíƒœê°€ ì•ˆ ì¢‹ì•„, Not feelinâ€™ it today but we still pushinâ€™ ğŸ‘Š
ì´ ë…¸ë˜ ì •ë§ ì¢‹ì•„, This songâ€™s my vibe right now itâ€™s hittinâ€™ different ğŸ¶
ì˜¤ëŠ˜ í•˜ë£¨ëŠ” ì–´ë• ì–´?, How was your day? Hope it was fire ğŸ”¥